day_type,move_type,seq,train_no,time
WEEKDAY,DEPART,1,1901,05:20
WEEKDAY,DEPART,2,1903,05:40
WEEKDAY,DEPART,3,1905,05:55
WEEKDAY,DEPART,4,1907,06:05
WEEKDAY,DEPART,5,1009,06:14
WEEKDAY,DEPART,6,1909,06:25
WEEKDAY,DEPART,7,1013,06:34
WEEKDAY,DEPART,8,1911,07:00
WEEKDAY,DEPART,9,1913,07:10
WEEKDAY,DEPART,10,1025,07:14
WEEKDAY,DEPART,11,1915,07:25
WEEKDAY,DEPART,12,1917,07:30
WEEKDAY,DEPART,13,1033,07:34
WEEKDAY,DEPART,14,1919,07:45
WEEKDAY,DEPART,15,1921,07:50
WEEKDAY,DEPART,16,1043,07:59
WEEKDAY,DEPART,17,1923,08:05
WEEKDAY,DEPART,18,1051,08:21
WEEKDAY,DEPART,19,1057,08:44
WEEKDAY,DEPART,20,1063,09:14
WEEKDAY,DEPART,21,1075,10:14
WEEKDAY,DEPART,22,1925,11:05
WEEKDAY,DEPART,23,1087,11:14
WEEKDAY,DEPART,24,1927,12:05
WEEKDAY,DEPART,25,1099,12:14
WEEKDAY,DEPART,26,1929,13:05
WEEKDAY,DEPART,27,1111,13:14
WEEKDAY,DEPART,28,1931,14:05
WEEKDAY,DEPART,29,1123,14:14
WEEKDAY,DEPART,30,1933,15:05
WEEKDAY,DEPART,31,1135,15:14
WEEKDAY,DEPART,32,1935,16:05
WEEKDAY,DEPART,33,1147,16:14
WEEKDAY,DEPART,34,1937,16:55
WEEKDAY,DEPART,35,1159,17:14
WEEKDAY,DEPART,36,1167,17:49
WEEKDAY,DEPART,37,1939,18:04
WEEKDAY,DEPART,38,1941,18:18
WEEKDAY,DEPART,39,1177,18:24
WEEKDAY,DEPART,40,1943,18:46
WEEKDAY,DEPART,41,1187,18:59
WEEKDAY,DEPART,42,1195,19:27
WEEKDAY,DEPART,43,1201,19:54
WEEKDAY,DEPART,44,1207,20:24
WEEKDAY,DEPART,45,1219,21:24
WEEKDAY,DEPART,46,1229,22:17
WEEKDAY,DEPART,47,1002,05:30
WEEKDAY,DEPART,48,1004,05:59
WEEKDAY,DEPART,49,1006,05:59
WEEKDAY,DEPART,50,1010,06:20
WEEKDAY,RETURN,1,1002,06:08
WEEKDAY,RETURN,2,1004,06:23
WEEKDAY,RETURN,3,1010,06:58
WEEKDAY,RETURN,4,1016,07:28
WEEKDAY,RETURN,5,1020,07:48
WEEKDAY,RETURN,6,1024,08:08
WEEKDAY,RETURN,7,1902,08:25
WEEKDAY,RETURN,8,1034,08:35
WEEKDAY,RETURN,9,1904,08:45
WEEKDAY,RETURN,10,1906,08:50
WEEKDAY,RETURN,11,1908,08:55
WEEKDAY,RETURN,12,1048,09:10
WEEKDAY,RETURN,13,1910,09:15
WEEKDAY,RETURN,14,1912,09:20
WEEKDAY,RETURN,15,1914,09:30
WEEKDAY,RETURN,16,1066,10:10
WEEKDAY,RETURN,17,1916,10:18
WEEKDAY,RETURN,18,1078,11:08
WEEKDAY,RETURN,19,1918,11:18
WEEKDAY,RETURN,20,1090,12:08
WEEKDAY,RETURN,21,1920,12:18
WEEKDAY,RETURN,22,1102,13:08
WEEKDAY,RETURN,23,1922,13:18
WEEKDAY,RETURN,24,1114,14:08
WEEKDAY,RETURN,25,1924,14:18
WEEKDAY,RETURN,26,1126,15:08
WEEKDAY,RETURN,27,1926,15:18
WEEKDAY,RETURN,28,1138,16:08
WEEKDAY,RETURN,29,1928,16:18
WEEKDAY,RETURN,30,1148,16:58
WEEKDAY,RETURN,31,1156,17:38
WEEKDAY,RETURN,32,1164,18:18
WEEKDAY,RETURN,33,1170,18:48
WEEKDAY,RETURN,34,1178,19:17
WEEKDAY,RETURN,35,1186,19:45
WEEKDAY,RETURN,36,1930,19:52
WEEKDAY,RETURN,37,1932,19:59
WEEKDAY,RETURN,38,1194,20:13
WEEKDAY,RETURN,39,1934,20:28
WEEKDAY,RETURN,40,1208,21:11
WEEKDAY,RETURN,41,1220,22:10
WEEKDAY,RETURN,42,1936,22:20
WEEKDAY,RETURN,43,1232,23:14
WEEKDAY,RETURN,44,1938,23:39
WEEKDAY,RETURN,45,1940,23:52
WEEKDAY,RETURN,46,1942,00:05
WEEKDAY,RETURN,47,1225,22:32
WEEKDAY,RETURN,48,1235,23:33
WEEKDAY,RETURN,49,1237,23:46
WEEKDAY,RETURN,50,1239,00:00
SATURDAY,DEPART,1,1901,05:20
SATURDAY,DEPART,2,1903,05:40
SATURDAY,DEPART,3,1905,05:55
SATURDAY,DEPART,4,1907,07:05
SATURDAY,DEPART,5,1017,07:14
SATURDAY,DEPART,6,1909,07:55
SATURDAY,DEPART,7,1027,08:04
SATURDAY,DEPART,8,1911,08:35
SATURDAY,DEPART,9,1035,08:44
SATURDAY,DEPART,10,1913,09:15
SATURDAY,DEPART,11,1043,09:24
SATURDAY,DEPART,12,1915,10:05
SATURDAY,DEPART,13,1053,10:14
SATURDAY,DEPART,14,1917,11:05
SATURDAY,DEPART,15,1065,11:14
SATURDAY,DEPART,16,1919,12:05
SATURDAY,DEPART,17,1077,12:14
SATURDAY,DEPART,18,1921,13:05
SATURDAY,DEPART,19,1089,13:14
SATURDAY,DEPART,20,1923,14:05
SATURDAY,DEPART,21,1101,14:14
SATURDAY,DEPART,22,1925,15:05
SATURDAY,DEPART,23,1113,15:14
SATURDAY,DEPART,24,1927,16:05
SATURDAY,DEPART,25,1125,16:14
SATURDAY,DEPART,26,1929,17:05
SATURDAY,DEPART,27,1137,17:14
SATURDAY,DEPART,28,1931,17:35
SATURDAY,DEPART,29,1143,17:44
SATURDAY,DEPART,30,1933,18:05
SATURDAY,DEPART,31,1149,18:14
SATURDAY,DEPART,32,1935,19:05
SATURDAY,DEPART,33,1161,19:14
SATURDAY,DEPART,34,1937,20:05
SATURDAY,DEPART,35,1173,20:14
SATURDAY,DEPART,36,1939,21:25
SATURDAY,DEPART,37,1191,21:44
SATURDAY,DEPART,38,1002,05:30
SATURDAY,DEPART,39,1004,05:45
SATURDAY,DEPART,40,1006,06:00
SATURDAY,DEPART,41,1018,07:20
SATURDAY,RETURN,1,1010,07:07
SATURDAY,RETURN,2,1018,07:58
SATURDAY,RETURN,3,1902,08:10
SATURDAY,RETURN,4,1026,08:40
SATURDAY,RETURN,5,1904,08:50
SATURDAY,RETURN,6,1034,09:20
SATURDAY,RETURN,7,1906,09:30
SATURDAY,RETURN,8,1044,10:10
SATURDAY,RETURN,9,1908,10:20
SATURDAY,RETURN,10,1056,11:10
SATURDAY,RETURN,11,1910,11:20
SATURDAY,RETURN,12,1068,12:10
SATURDAY,RETURN,13,1912,12:20
SATURDAY,RETURN,14,1080,13:10
SATURDAY,RETURN,15,1914,13:20
SATURDAY,RETURN,16,1092,14:10
SATURDAY,RETURN,17,1916,14:20
SATURDAY,RETURN,18,1104,15:10
SATURDAY,RETURN,19,1918,15:20
SATURDAY,RETURN,20,1116,16:10
SATURDAY,RETURN,21,1920,16:20
SATURDAY,RETURN,22,1128,17:10
SATURDAY,RETURN,23,1922,17:20
SATURDAY,RETURN,24,1134,17:40
SATURDAY,RETURN,25,1924,17:50
SATURDAY,RETURN,26,1140,18:10
SATURDAY,RETURN,27,1926,18:20
SATURDAY,RETURN,28,1152,19:10
SATURDAY,RETURN,29,1928,19:20
SATURDAY,RETURN,30,1164,20:10
SATURDAY,RETURN,31,1930,20:20
SATURDAY,RETURN,32,1180,21:30
SATURDAY,RETURN,33,1932,21:50
SATURDAY,RETURN,34,1192,22:30
SATURDAY,RETURN,35,1934,23:35
SATURDAY,RETURN,36,1936,23:50
SATURDAY,RETURN,37,1938,00:05
SATURDAY,RETURN,38,1189,22:12
SATURDAY,RETURN,39,1201,23:29
SATURDAY,RETURN,40,1203,23:44
SATURDAY,RETURN,41,1205,00:00
HOLIDAY,DEPART,1,1901,05:20
HOLIDAY,DEPART,2,1903,05:40
HOLIDAY,DEPART,3,1905,05:55
HOLIDAY,DEPART,4,1907,07:07
HOLIDAY,DEPART,5,1017,07:18
HOLIDAY,DEPART,6,1909,08:05
HOLIDAY,DEPART,7,1027,08:14
HOLIDAY,DEPART,8,1911,08:35
HOLIDAY,DEPART,9,1033,08:44
HOLIDAY,DEPART,10,1913,09:05
HOLIDAY,DEPART,11,1039,09:14
HOLIDAY,DEPART,12,1915,10:05
HOLIDAY,DEPART,13,1051,10:14
HOLIDAY,DEPART,14,1917,11:05
HOLIDAY,DEPART,15,1063,11:14
HOLIDAY,DEPART,16,1919,12:05
HOLIDAY,DEPART,17,1075,12:14
HOLIDAY,DEPART,18,1921,13:05
HOLIDAY,DEPART,19,1087,13:14
HOLIDAY,DEPART,20,1923,14:05
HOLIDAY,DEPART,21,1099,14:14
HOLIDAY,DEPART,22,1925,15:05
HOLIDAY,DEPART,23,1111,15:14
HOLIDAY,DEPART,24,1927,16:05
HOLIDAY,DEPART,25,1123,16:14
HOLIDAY,DEPART,26,1929,17:05
HOLIDAY,DEPART,27,1135,17:14
HOLIDAY,DEPART,28,1931,17:35
HOLIDAY,DEPART,29,1141,17:44
HOLIDAY,DEPART,30,1933,18:05
HOLIDAY,DEPART,31,1147,18:14
HOLIDAY,DEPART,32,1935,19:05
HOLIDAY,DEPART,33,1159,19:14
HOLIDAY,DEPART,34,1937,20:05
HOLIDAY,DEPART,35,1171,20:14
HOLIDAY,DEPART,36,1939,21:31
HOLIDAY,DEPART,37,1187,21:42
HOLIDAY,DEPART,38,1002,05:30
HOLIDAY,DEPART,39,1004,05:45
HOLIDAY,DEPART,40,1006,06:00
HOLIDAY,DEPART,41,1018,07:20
HOLIDAY,RETURN,1,1010,07:07
HOLIDAY,RETURN,2,1902,07:20
HOLIDAY,RETURN,3,1020,08:10
HOLIDAY,RETURN,4,1024,08:34
HOLIDAY,RETURN,5,1904,08:46
HOLIDAY,RETURN,6,1030,09:10
HOLIDAY,RETURN,7,1906,09:20
HOLIDAY,RETURN,8,1042,10:10
HOLIDAY,RETURN,9,1908,10:20
HOLIDAY,RETURN,10,1054,11:10
HOLIDAY,RETURN,11,1910,11:20
HOLIDAY,RETURN,12,1066,12:10
HOLIDAY,RETURN,13,1912,12:20
HOLIDAY,RETURN,14,1078,13:10
HOLIDAY,RETURN,15,1914,13:20
HOLIDAY,RETURN,16,1090,14:10
HOLIDAY,RETURN,17,1916,14:20
HOLIDAY,RETURN,18,1102,15:10
HOLIDAY,RETURN,19,1918,15:20
HOLIDAY,RETURN,20,1114,16:10
HOLIDAY,RETURN,21,1920,16:20
HOLIDAY,RETURN,22,1126,17:10
HOLIDAY,RETURN,23,1922,17:20
HOLIDAY,RETURN,24,1132,17:40
HOLIDAY,RETURN,25,1924,17:50
HOLIDAY,RETURN,26,1138,18:10
HOLIDAY,RETURN,27,1926,18:20
HOLIDAY,RETURN,28,1150,19:10
HOLIDAY,RETURN,29,1928,19:20
HOLIDAY,RETURN,30,1162,20:10
HOLIDAY,RETURN,31,1930,20:20
HOLIDAY,RETURN,32,1178,21:30
HOLIDAY,RETURN,33,1932,21:40
HOLIDAY,RETURN,34,1188,22:26
HOLIDAY,RETURN,35,1934,23:35
HOLIDAY,RETURN,36,1936,23:50
HOLIDAY,RETURN,37,1938,00:05
HOLIDAY,RETURN,38,1191,21:44
HOLIDAY,RETURN,39,1181,23:29
HOLIDAY,RETURN,40,1199,23:44
HOLIDAY,RETURN,41,1201,00:00
